# ************************************************************
# Sequel Pro SQL dump
# Version 3408
#
# http://www.sequelpro.com/
# http://code.google.com/p/sequel-pro/
#
# Host: 127.0.0.1 (MySQL 5.5.25)
# Database: lds-site
# Generation Time: 2012-12-26 07:02:02 +0000
# ************************************************************


/*!40101 SET @OLD_CHARACTER_SET_CLIENT=@@CHARACTER_SET_CLIENT */;
/*!40101 SET @OLD_CHARACTER_SET_RESULTS=@@CHARACTER_SET_RESULTS */;
/*!40101 SET @OLD_COLLATION_CONNECTION=@@COLLATION_CONNECTION */;
/*!40101 SET NAMES utf8 */;
/*!40014 SET @OLD_FOREIGN_KEY_CHECKS=@@FOREIGN_KEY_CHECKS, FOREIGN_KEY_CHECKS=0 */;
/*!40101 SET @OLD_SQL_MODE=@@SQL_MODE, SQL_MODE='NO_AUTO_VALUE_ON_ZERO' */;
/*!40111 SET @OLD_SQL_NOTES=@@SQL_NOTES, SQL_NOTES=0 */;


# Dump of table achievments
# ------------------------------------------------------------

DROP TABLE IF EXISTS `achievments`;

CREATE TABLE `achievments` (
  `id` int(11) unsigned NOT NULL AUTO_INCREMENT,
  `title` varchar(100) NOT NULL DEFAULT '',
  `level_id` int(11) DEFAULT NULL,
  PRIMARY KEY (`id`)
) ENGINE=InnoDB DEFAULT CHARSET=utf8;

LOCK TABLES `achievments` WRITE;
/*!40000 ALTER TABLE `achievments` DISABLE KEYS */;

INSERT INTO `achievments` (`id`, `title`, `level_id`)
VALUES
	(1,'Middle company tests',2),
	(2,'Practice experince (1 completed project for middle developer)',2),
	(3,'Senior company tests',3),
	(4,'Brainbench tests',3),
	(5,'Practice experince (3 completed projects for senior developer)',3);

/*!40000 ALTER TABLE `achievments` ENABLE KEYS */;
UNLOCK TABLES;


# Dump of table certificates
# ------------------------------------------------------------

DROP TABLE IF EXISTS `certificates`;

CREATE TABLE `certificates` (
  `id` int(11) unsigned NOT NULL AUTO_INCREMENT,
  `title` varchar(100) NOT NULL DEFAULT '',
  PRIMARY KEY (`id`)
) ENGINE=InnoDB DEFAULT CHARSET=utf8;

LOCK TABLES `certificates` WRITE;
/*!40000 ALTER TABLE `certificates` DISABLE KEYS */;

INSERT INTO `certificates` (`id`, `title`)
VALUES
	(1,'PHP'),
	(21,'JS'),
	(22,'SQL'),
	(23,'CoffeeScript'),
	(24,'NodeJS'),
	(25,'Atatata'),
	(26,'Java');

/*!40000 ALTER TABLE `certificates` ENABLE KEYS */;
UNLOCK TABLES;


# Dump of table enlevels
# ------------------------------------------------------------

DROP TABLE IF EXISTS `enlevels`;

CREATE TABLE `enlevels` (
  `id` int(11) unsigned NOT NULL AUTO_INCREMENT,
  `title` varchar(50) NOT NULL DEFAULT '',
  `days` int(11) NOT NULL,
  PRIMARY KEY (`id`)
) ENGINE=InnoDB DEFAULT CHARSET=utf8;

LOCK TABLES `enlevels` WRITE;
/*!40000 ALTER TABLE `enlevels` DISABLE KEYS */;

INSERT INTO `enlevels` (`id`, `title`, `days`)
VALUES
	(1,'Basic',3),
	(2,'Pre-intermediate',7),
	(3,'Intermediate',10),
	(4,'Upper-intermediate',12),
	(5,'Advanced',20);

/*!40000 ALTER TABLE `enlevels` ENABLE KEYS */;
UNLOCK TABLES;


# Dump of table feeds
# ------------------------------------------------------------

DROP TABLE IF EXISTS `feeds`;

CREATE TABLE `feeds` (
  `id` int(11) unsigned NOT NULL AUTO_INCREMENT,
  `type` enum('add','pass_achievment','pass_certificate','level_up') NOT NULL DEFAULT 'add',
  `time` timestamp NOT NULL DEFAULT CURRENT_TIMESTAMP ON UPDATE CURRENT_TIMESTAMP,
  `user_id` int(11) unsigned NOT NULL,
  `level` int(11) DEFAULT NULL,
  PRIMARY KEY (`id`),
  KEY `user_id` (`user_id`),
  CONSTRAINT `feeds_ibfk_1` FOREIGN KEY (`user_id`) REFERENCES `users` (`id`) ON DELETE CASCADE ON UPDATE CASCADE
) ENGINE=InnoDB DEFAULT CHARSET=utf8;

LOCK TABLES `feeds` WRITE;
/*!40000 ALTER TABLE `feeds` DISABLE KEYS */;

INSERT INTO `feeds` (`id`, `type`, `time`, `user_id`, `level`)
VALUES
	(9,'add','2012-12-26 10:27:43',6,3),
	(10,'pass_certificate','2012-12-26 10:27:43',6,NULL),
	(11,'add','2012-12-26 10:56:48',7,1);

/*!40000 ALTER TABLE `feeds` ENABLE KEYS */;
UNLOCK TABLES;


# Dump of table levels
# ------------------------------------------------------------

DROP TABLE IF EXISTS `levels`;

CREATE TABLE `levels` (
  `id` int(11) unsigned NOT NULL AUTO_INCREMENT,
  `title` varchar(20) NOT NULL DEFAULT '',
  `days` int(11) DEFAULT NULL,
  PRIMARY KEY (`id`)
) ENGINE=InnoDB DEFAULT CHARSET=utf8;

LOCK TABLES `levels` WRITE;
/*!40000 ALTER TABLE `levels` DISABLE KEYS */;

INSERT INTO `levels` (`id`, `title`, `days`)
VALUES
	(1,'Junior',7),
	(2,'Middle',30),
	(3,'Senior',90),
	(4,'Project Manager',0);

/*!40000 ALTER TABLE `levels` ENABLE KEYS */;
UNLOCK TABLES;


# Dump of table notices
# ------------------------------------------------------------

DROP TABLE IF EXISTS `notices`;

CREATE TABLE `notices` (
  `id` int(11) unsigned NOT NULL AUTO_INCREMENT,
  `text` varchar(250) NOT NULL DEFAULT '',
  `type` enum('success','error','info','alert','user') NOT NULL DEFAULT 'success',
  `status` int(11) NOT NULL DEFAULT '1',
  PRIMARY KEY (`id`)
) ENGINE=InnoDB DEFAULT CHARSET=utf8;

LOCK TABLES `notices` WRITE;
/*!40000 ALTER TABLE `notices` DISABLE KEYS */;

INSERT INTO `notices` (`id`, `text`, `type`, `status`)
VALUES
	(1,'123','success',1);

/*!40000 ALTER TABLE `notices` ENABLE KEYS */;
UNLOCK TABLES;


# Dump of table passings
# ------------------------------------------------------------

DROP TABLE IF EXISTS `passings`;

CREATE TABLE `passings` (
  `id` int(11) unsigned NOT NULL AUTO_INCREMENT,
  `user_id` int(11) unsigned NOT NULL,
  `days` int(11) unsigned NOT NULL DEFAULT '0',
  `time` timestamp NOT NULL DEFAULT CURRENT_TIMESTAMP ON UPDATE CURRENT_TIMESTAMP,
  `type` enum('company','english') NOT NULL DEFAULT 'company',
  PRIMARY KEY (`id`),
  KEY `user_id` (`user_id`),
  CONSTRAINT `passings_ibfk_1` FOREIGN KEY (`user_id`) REFERENCES `users` (`id`) ON DELETE CASCADE ON UPDATE CASCADE
) ENGINE=InnoDB DEFAULT CHARSET=utf8;

LOCK TABLES `passings` WRITE;
/*!40000 ALTER TABLE `passings` DISABLE KEYS */;

INSERT INTO `passings` (`id`, `user_id`, `days`, `time`, `type`)
VALUES
	(1,1,30,'2012-12-25 17:37:18','company'),
	(2,1,12,'2012-12-25 17:37:18','english'),
	(11,6,90,'2012-12-26 10:27:43','company'),
	(12,6,20,'2012-12-26 10:27:43','english'),
	(13,7,7,'2012-12-26 10:56:48','company'),
	(14,7,3,'2012-12-26 10:56:48','english');

/*!40000 ALTER TABLE `passings` ENABLE KEYS */;
UNLOCK TABLES;


# Dump of table roles
# ------------------------------------------------------------

DROP TABLE IF EXISTS `roles`;

CREATE TABLE `roles` (
  `id` int(11) unsigned NOT NULL AUTO_INCREMENT,
  `name` varchar(32) NOT NULL,
  `description` varchar(255) NOT NULL,
  PRIMARY KEY (`id`),
  UNIQUE KEY `uniq_name` (`name`)
) ENGINE=InnoDB DEFAULT CHARSET=utf8;

LOCK TABLES `roles` WRITE;
/*!40000 ALTER TABLE `roles` DISABLE KEYS */;

INSERT INTO `roles` (`id`, `name`, `description`)
VALUES
	(1,'login','Login privileges, granted after account confirmation'),
	(2,'admin','Administrative user, has access to everything.');

/*!40000 ALTER TABLE `roles` ENABLE KEYS */;
UNLOCK TABLES;


# Dump of table roles_users
# ------------------------------------------------------------

DROP TABLE IF EXISTS `roles_users`;

CREATE TABLE `roles_users` (
  `user_id` int(10) unsigned NOT NULL,
  `role_id` int(10) unsigned NOT NULL,
  PRIMARY KEY (`user_id`,`role_id`),
  KEY `fk_role_id` (`role_id`),
  CONSTRAINT `roles_users_ibfk_1` FOREIGN KEY (`user_id`) REFERENCES `users` (`id`) ON DELETE CASCADE,
  CONSTRAINT `roles_users_ibfk_2` FOREIGN KEY (`role_id`) REFERENCES `roles` (`id`) ON DELETE CASCADE
) ENGINE=InnoDB DEFAULT CHARSET=utf8;

LOCK TABLES `roles_users` WRITE;
/*!40000 ALTER TABLE `roles_users` DISABLE KEYS */;

INSERT INTO `roles_users` (`user_id`, `role_id`)
VALUES
	(1,1),
	(6,1),
	(7,1),
	(1,2);

/*!40000 ALTER TABLE `roles_users` ENABLE KEYS */;
UNLOCK TABLES;


# Dump of table user_tokens
# ------------------------------------------------------------

DROP TABLE IF EXISTS `user_tokens`;

CREATE TABLE `user_tokens` (
  `id` int(11) unsigned NOT NULL AUTO_INCREMENT,
  `user_id` int(11) unsigned NOT NULL,
  `user_agent` varchar(40) NOT NULL,
  `token` varchar(40) NOT NULL,
  `created` int(10) unsigned NOT NULL,
  `expires` int(10) unsigned NOT NULL,
  PRIMARY KEY (`id`),
  UNIQUE KEY `uniq_token` (`token`),
  KEY `fk_user_id` (`user_id`),
  KEY `expires` (`expires`),
  CONSTRAINT `user_tokens_ibfk_1` FOREIGN KEY (`user_id`) REFERENCES `users` (`id`) ON DELETE CASCADE
) ENGINE=InnoDB DEFAULT CHARSET=utf8;



# Dump of table users
# ------------------------------------------------------------

DROP TABLE IF EXISTS `users`;

CREATE TABLE `users` (
  `id` int(11) unsigned NOT NULL AUTO_INCREMENT,
  `email` varchar(254) NOT NULL,
  `username` varchar(32) NOT NULL DEFAULT '',
  `password` varchar(64) NOT NULL,
  `logins` int(10) unsigned NOT NULL DEFAULT '0',
  `last_login` int(10) unsigned DEFAULT NULL,
  `skype` varchar(50) DEFAULT NULL,
  `twitter` varchar(50) DEFAULT NULL,
  `first_name` varchar(100) DEFAULT NULL,
  `last_name` varchar(100) DEFAULT NULL,
  `enlevel_id` int(11) DEFAULT NULL,
  `pr_type` int(11) DEFAULT NULL COMMENT 'web, mobile',
  `level_id` int(11) DEFAULT NULL,
  `devrole` varchar(100) DEFAULT NULL,
  `avatar` varchar(150) DEFAULT NULL,
  `phone` varchar(20) DEFAULT NULL,
  `hash` varchar(200) DEFAULT NULL,
  `hire_date` timestamp NULL DEFAULT NULL,
  PRIMARY KEY (`id`),
  UNIQUE KEY `uniq_username` (`username`),
  UNIQUE KEY `uniq_email` (`email`)
) ENGINE=InnoDB DEFAULT CHARSET=utf8;

LOCK TABLES `users` WRITE;
/*!40000 ALTER TABLE `users` DISABLE KEYS */;

INSERT INTO `users` (`id`, `email`, `username`, `password`, `logins`, `last_login`, `skype`, `twitter`, `first_name`, `last_name`, `enlevel_id`, `pr_type`, `level_id`, `devrole`, `avatar`, `phone`, `hash`, `hire_date`)
VALUES
	(1,'dmitry.l@lodoss.org','d_litvyak','4f2058f85ce3d718f1c724845a9a7a22406b222c11cdbb27a8f84b7da7d5f0bc',70,1356425835,'zellos-_','dlitvyak2','Dmitry','Litvyak',4,1,2,'PHP developer, Front-end developer','1356438732.jpg','(928)1072384',NULL,'2012-12-18 07:29:55'),
	(6,'zahar_p@gmail.com','zahar_p','4f2058f85ce3d718f1c724845a9a7a22406b222c11cdbb27a8f84b7da7d5f0bc',0,NULL,NULL,NULL,'Zahar','Pecherin',5,1,3,'PHP developer, Front-end developer','1356503258.png',NULL,NULL,'2010-06-08 00:27:42'),
	(7,'zaha1r_p@gmail.com','z_pecherin','4f2058f85ce3d718f1c724845a9a7a22406b222c11cdbb27a8f84b7da7d5f0bc',0,NULL,NULL,NULL,'sdfsdf','dfgdfgdfg',1,1,1,'PHP Developer','',NULL,NULL,'2014-06-11 00:56:48');

/*!40000 ALTER TABLE `users` ENABLE KEYS */;
UNLOCK TABLES;


# Dump of table users_achievments
# ------------------------------------------------------------

DROP TABLE IF EXISTS `users_achievments`;

CREATE TABLE `users_achievments` (
  `user_id` int(11) unsigned NOT NULL,
  `achievment_id` int(11) unsigned NOT NULL,
  `check` tinyint(1) NOT NULL DEFAULT '0',
  KEY `user_id` (`user_id`),
  KEY `achievment_id` (`achievment_id`),
  CONSTRAINT `users_achievments_ibfk_1` FOREIGN KEY (`user_id`) REFERENCES `users` (`id`) ON DELETE CASCADE ON UPDATE CASCADE,
  CONSTRAINT `users_achievments_ibfk_2` FOREIGN KEY (`achievment_id`) REFERENCES `achievments` (`id`) ON DELETE CASCADE ON UPDATE CASCADE
) ENGINE=InnoDB DEFAULT CHARSET=utf8;

LOCK TABLES `users_achievments` WRITE;
/*!40000 ALTER TABLE `users_achievments` DISABLE KEYS */;

INSERT INTO `users_achievments` (`user_id`, `achievment_id`, `check`)
VALUES
	(1,3,0),
	(1,4,1),
	(1,5,0),
	(1,1,0),
	(1,2,1),
	(6,1,0),
	(6,2,0),
	(6,3,0),
	(6,4,0),
	(6,5,0),
	(7,1,0),
	(7,2,0),
	(7,3,0),
	(7,4,0),
	(7,5,0);

/*!40000 ALTER TABLE `users_achievments` ENABLE KEYS */;
UNLOCK TABLES;


# Dump of table users_certificates_feeds
# ------------------------------------------------------------

DROP TABLE IF EXISTS `users_certificates_feeds`;

CREATE TABLE `users_certificates_feeds` (
  `user_id` int(11) unsigned NOT NULL,
  `certificate_id` int(11) unsigned NOT NULL,
  `feed_id` int(11) unsigned NOT NULL,
  `score` float NOT NULL,
  KEY `user_id` (`user_id`),
  KEY `certificate_id` (`certificate_id`),
  KEY `feed_id` (`feed_id`),
  CONSTRAINT `users_certificates_feeds_ibfk_1` FOREIGN KEY (`user_id`) REFERENCES `users` (`id`) ON DELETE CASCADE ON UPDATE CASCADE,
  CONSTRAINT `users_certificates_feeds_ibfk_2` FOREIGN KEY (`certificate_id`) REFERENCES `certificates` (`id`) ON DELETE CASCADE ON UPDATE CASCADE
) ENGINE=InnoDB DEFAULT CHARSET=utf8;

LOCK TABLES `users_certificates_feeds` WRITE;
/*!40000 ALTER TABLE `users_certificates_feeds` DISABLE KEYS */;

INSERT INTO `users_certificates_feeds` (`user_id`, `certificate_id`, `feed_id`, `score`)
VALUES
	(6,23,10,2.3);

/*!40000 ALTER TABLE `users_certificates_feeds` ENABLE KEYS */;
UNLOCK TABLES;



/*!40111 SET SQL_NOTES=@OLD_SQL_NOTES */;
/*!40101 SET SQL_MODE=@OLD_SQL_MODE */;
/*!40014 SET FOREIGN_KEY_CHECKS=@OLD_FOREIGN_KEY_CHECKS */;
/*!40101 SET CHARACTER_SET_CLIENT=@OLD_CHARACTER_SET_CLIENT */;
/*!40101 SET CHARACTER_SET_RESULTS=@OLD_CHARACTER_SET_RESULTS */;
/*!40101 SET COLLATION_CONNECTION=@OLD_COLLATION_CONNECTION */;
